{"cameraMode":{"drawMode":0,"name":"Shaded","section":"Shading Mode"},"sceneLighting":true,"audioPlay":false,"sceneViewState":{"m_AlwaysRefresh":false,"showFog":true,"showSkybox":true,"showFlares":true,"showImageEffects":true,"showParticleSystems":true,"showVisualEffectGraphs":true,"m_FxEnabled":true},"in2DMode":false,"pivot":{"x":129.48971557617188,"y":-82.60295104980469,"z":-64.91375732421875},"rotation":{"x":-0.13376663625240327,"y":-0.8488746881484985,"z":0.44226762652397158,"w":-0.25674721598625185},"size":63.227134704589847,"orthographic":false}